{
    "Ar36": {
        "error": 0.0005929959211041429, 
        "filter_outliers_dict": {
            "filter_outliers": true, 
            "iterations": 1, 
            "std_devs": 2
        }, 
        "fit": "Linear", 
        "value": 0.05687066247602107
    }, 
    "Ar37": {
        "error": 0.00913243315225298, 
        "filter_outliers_dict": {
            "filter_outliers": true, 
            "iterations": 1, 
            "std_devs": 2
        }, 
        "fit": "linear", 
        "value": 0.11056098812223464
    }, 
    "Ar38": {
        "error": 0.005307445802453544, 
        "filter_outliers_dict": {
            "filter_outliers": true, 
            "iterations": 1, 
            "std_devs": 2
        }, 
        "fit": "linear", 
        "value": 0.5337589174188834
    }, 
    "Ar39": {
        "error": 0.01646551176399088, 
        "filter_outliers_dict": {
            "filter_outliers": true, 
            "iterations": 1, 
            "std_devs": 2
        }, 
        "fit": "Linear", 
        "value": 40.79628812298206
    }, 
    "Ar40": {
        "error": 0.03061816450335827, 
        "filter_outliers_dict": {
            "filter_outliers": true, 
            "iterations": 1, 
            "std_devs": 2
        }, 
        "fit": "Linear", 
        "value": 290.08526892383327
    }, 
    "Ar41": {
        "error": 0.0032965814765354364, 
        "filter_outliers_dict": {
            "filter_outliers": true, 
            "iterations": 1, 
            "std_devs": 2
        }, 
        "fit": "Average", 
        "value": -0.07566172414681659
    }
}