{
    "Ar36": {
        "error": 0.0004306580354488204, 
        "filter_outliers_dict": {
            "filter_outliers": true, 
            "iterations": 1, 
            "std_devs": 2
        }, 
        "fit": "Linear", 
        "value": 0.026872670491994124
    }, 
    "Ar37": {
        "error": 0.01003818581590314, 
        "filter_outliers_dict": {
            "filter_outliers": true, 
            "iterations": 1, 
            "std_devs": 2
        }, 
        "fit": "linear", 
        "value": 0.11620165901910678
    }, 
    "Ar38": {
        "error": 0.0048959098845122164, 
        "filter_outliers_dict": {
            "filter_outliers": true, 
            "iterations": 1, 
            "std_devs": 2
        }, 
        "fit": "linear", 
        "value": 1.2265040983239812
    }, 
    "Ar39": {
        "error": 0.01736332068158918, 
        "filter_outliers_dict": {
            "filter_outliers": true, 
            "iterations": 1, 
            "std_devs": 2
        }, 
        "fit": "Linear", 
        "value": 92.15116068704074
    }, 
    "Ar40": {
        "error": 0.03744711915886952, 
        "filter_outliers_dict": {
            "filter_outliers": true, 
            "iterations": 1, 
            "std_devs": 2
        }, 
        "fit": "Linear", 
        "value": 379.2874089084801
    }, 
    "Ar41": {
        "error": 0.003408309299761285, 
        "filter_outliers_dict": {
            "filter_outliers": true, 
            "iterations": 1, 
            "std_devs": 2
        }, 
        "fit": "Average", 
        "value": -0.07320977886588734
    }
}