{
    "Ar36": {
        "error": 0.0013604447427837795, 
        "filter_outliers_dict": {
            "filter_outliers": true, 
            "iterations": 1, 
            "std_devs": 2
        }, 
        "fit": "Linear", 
        "value": 0.25532621505655495
    }, 
    "Ar37": {
        "error": 0.011234682902831512, 
        "filter_outliers_dict": {
            "filter_outliers": true, 
            "iterations": 1, 
            "std_devs": 2
        }, 
        "fit": "linear", 
        "value": 0.1502443757481699
    }, 
    "Ar38": {
        "error": 0.006088458519173758, 
        "filter_outliers_dict": {
            "filter_outliers": true, 
            "iterations": 1, 
            "std_devs": 2
        }, 
        "fit": "linear", 
        "value": 1.8019249986436559
    }, 
    "Ar39": {
        "error": 0.025111134645206097, 
        "filter_outliers_dict": {
            "filter_outliers": true, 
            "iterations": 1, 
            "std_devs": 2
        }, 
        "fit": "Linear", 
        "value": 130.23589292049397
    }, 
    "Ar40": {
        "error": 0.013170025103118122, 
        "filter_outliers_dict": {
            "filter_outliers": true, 
            "iterations": 1, 
            "std_devs": 2
        }, 
        "fit": "Linear", 
        "value": 5112.586913984332
    }, 
    "Ar41": {
        "error": 0.0035120829511634537, 
        "filter_outliers_dict": {
            "filter_outliers": true, 
            "iterations": 1, 
            "std_devs": 2
        }, 
        "fit": "Average", 
        "value": 1.3269478413354114
    }
}