{
    "Ar36": {
        "error": 0.00024146888243990785, 
        "filter_outliers_dict": {
            "filter_outliers": true, 
            "iterations": 1, 
            "std_devs": 2
        }, 
        "fit": "Parabolic", 
        "value": 0.010046443868380515
    }, 
    "Ar37": {
        "error": 0.0051817623591247745, 
        "filter_outliers_dict": {
            "filter_outliers": true, 
            "iterations": 1, 
            "std_devs": 2
        }, 
        "fit": "linear", 
        "value": 0.03574569044732611
    }, 
    "Ar38": {
        "error": 0.0025091856600097245, 
        "filter_outliers_dict": {
            "filter_outliers": true, 
            "iterations": 1, 
            "std_devs": 2
        }, 
        "fit": "linear", 
        "value": -0.03707303728186524
    }, 
    "Ar39": {
        "error": 0.00943024194880075, 
        "filter_outliers_dict": {
            "filter_outliers": true, 
            "iterations": 1, 
            "std_devs": 2
        }, 
        "fit": "Parabolic", 
        "value": -0.027011008244080943
    }, 
    "Ar40": {
        "error": 0.007596357502345505, 
        "filter_outliers_dict": {
            "filter_outliers": true, 
            "iterations": 1, 
            "std_devs": 2
        }, 
        "fit": "Parabolic", 
        "value": 2.085399552926471
    }, 
    "Ar41": {
        "error": 0.0034974762311902243, 
        "filter_outliers_dict": {
            "filter_outliers": true, 
            "iterations": 1, 
            "std_devs": 2
        }, 
        "fit": "linear", 
        "value": -0.08066749546286255
    }
}